/*
Deployment script for SDG.Banking.DB

This code was generated by a tool.
Changes to this file may cause incorrect behavior and will be lost if
the code is regenerated.
*/

GO
SET ANSI_NULLS, ANSI_PADDING, ANSI_WARNINGS, ARITHABORT, CONCAT_NULL_YIELDS_NULL, QUOTED_IDENTIFIER ON;

SET NUMERIC_ROUNDABORT OFF;


GO
:setvar DatabaseName "SDG.Banking.DB"
:setvar DefaultFilePrefix "SDG.Banking.DB"
:setvar DefaultDataPath "C:\Users\Yeyian PC\AppData\Local\Microsoft\Microsoft SQL Server Local DB\Instances\MSSQLLocalDB\"
:setvar DefaultLogPath "C:\Users\Yeyian PC\AppData\Local\Microsoft\Microsoft SQL Server Local DB\Instances\MSSQLLocalDB\"

GO
:on error exit
GO
/*
Detect SQLCMD mode and disable script execution if SQLCMD mode is not supported.
To re-enable the script after enabling SQLCMD mode, execute the following:
SET NOEXEC OFF; 
*/
:setvar __IsSqlCmdEnabled "True"
GO
IF N'$(__IsSqlCmdEnabled)' NOT LIKE N'True'
    BEGIN
        PRINT N'SQLCMD mode must be enabled to successfully execute this script.';
        SET NOEXEC ON;
    END


GO
USE [$(DatabaseName)];


GO
/*
 Pre-Deployment Script Template							
--------------------------------------------------------------------------------------
 This file contains SQL statements that will be executed before the build script.	
 Use SQLCMD syntax to include a file in the pre-deployment script.			
 Example:      :r .\myfile.sql								
 Use SQLCMD syntax to reference a variable in the pre-deployment script.		
 Example:      :setvar TableName MyTable							
               SELECT * FROM [$(TableName)]					
--------------------------------------------------------------------------------------
*/
DROP TABLE IF EXISTS dbo.tblCustomer
DROP TABLE IF EXISTS dbo.tblDeposit
DROP TABLE IF EXISTS dbo.tblWithdrawal
GO

GO
PRINT N'Creating Table [dbo].[tblCustomer]...';


GO
CREATE TABLE [dbo].[tblCustomer] (
    [Id]        INT          NOT NULL,
    [SSN]       VARCHAR (11) NOT NULL,
    [FirstName] VARCHAR (50) NOT NULL,
    [LastName]  VARCHAR (50) NOT NULL,
    [BirthDate] DATETIME     NOT NULL,
    PRIMARY KEY CLUSTERED ([Id] ASC)
);


GO
PRINT N'Creating Table [dbo].[tblDeposit]...';


GO
CREATE TABLE [dbo].[tblDeposit] (
    [Id]          INT             NOT NULL,
    [CustomerId]  INT             NOT NULL,
    [DepositDate] DATETIME        NOT NULL,
    [Amount]      DECIMAL (20, 2) NOT NULL,
    PRIMARY KEY CLUSTERED ([Id] ASC)
);


GO
PRINT N'Creating Table [dbo].[tblWithdrawal]...';


GO
CREATE TABLE [dbo].[tblWithdrawal] (
    [Id]             INT             NOT NULL,
    [CustomerId]     INT             NOT NULL,
    [WithdrawalDate] DATETIME        NOT NULL,
    [Amount]         DECIMAL (20, 2) NOT NULL,
    PRIMARY KEY CLUSTERED ([Id] ASC)
);


GO
/*
Post-Deployment Script Template							
--------------------------------------------------------------------------------------
 This file contains SQL statements that will be appended to the build script.		
 Use SQLCMD syntax to include a file in the post-deployment script.			
 Example:      :r .\myfile.sql								
 Use SQLCMD syntax to reference a variable in the post-deployment script.		
 Example:      :setvar TableName MyTable							
               SELECT * FROM [$(TableName)]					
--------------------------------------------------------------------------------------
*/
BEGIN
	INSERT INTO dbo.tblCustomer (Id, SSN, FirstName, LastName, BirthDate)
	VALUES
    (1, '123-45-6789', 'Carl', 'Wheezer', '19800512'),
    (2, '987-65-4321', 'Sheen', 'Estevez', '19850708'),
    (3, '111-11-1111', 'Jimmy', 'Neutron', '19750226')
END
BEGIN
    INSERT INTO dbo.tblDeposit(Id, CustomerId, DepositDate, Amount)
    VALUES
    (1, 1, '20220512', 350),
	(2, 1, '20220524', 500),
	(3, 1, '20220530', 1000),
	(4, 2, '20220517', 100),
	(5, 2, '20220603', 200),
	(6, 2, '20220613', 300),
	(7, 3, '20220822', 1000),
	(8, 3, '20220924', 2000),
	(9, 3, '20221006', 3000)
END
BEGIN
    INSERT INTO dbo.tblWithdrawal (Id, CustomerId, WithdrawalDate, Amount)
    VALUES
    (1, 1, '20220812', 55),
    (2, 1, '20220824', 150),
	(3, 1, '20220830', 200),
	(4, 2, '20220817', 50),
	(5, 2, '20220903', 100),
	(6, 2, '20220913', 75),
	(7, 3, '20221022', 200),
	(8, 3, '20221124', 100),
	(9, 3, '20221206', 185)
END
GO

GO
PRINT N'Update complete.';


GO
